,Name,ESI
0,['Earth'],[1.0]
1,['Arrakis'],[0.9073145175907491]
2,['Erid'],[0.5646621823395594]
3,['Mesklin'],[0.07412880797589157]
4,['Dhrawn'],[0.1798531338453536]
5,['Hekla'],[0.5434567183927901]
6,['Sarr'],[0.4792289022618089]
7,['Tenebra'],[0.3868858943166975]
