,Name,ESI
0,['Earth'],[1.0]
1,['Jupiter'],[0.012041158952994733]
2,['Arrakis'],[0.8459594806730573]
3,['Erid'],[0.32006897576567755]
4,['Mesklin'],[0.0015330789106914127]
5,['Habranah'],[0.09651774366863314]
6,['Dhrawn'],[0.006735635409466857]
7,['Hekla'],[0.17825811746550008]
8,['Sarr'],[0.39268275674221675]
9,['Tenebra'],[0.15357106547235158]
